Handle,Title,Body (HTML),Vendor,Type,Tags,Published,Option1 Name,Option1 Value,Option2 Name,Option2 Value,Option3 Name,Option3 Value,Variant SKU,Variant Grams,Variant Inventory Tracker,Variant Inventory Qty,Variant Inventory Policy,Variant Fulfillment Service,Variant Price,Variant Compare At Price,Variant Requires Shipping,Variant Taxable,Variant Barcode,Image Src,Image Position,Image Alt Text,Gift Card,SEO Title,SEO Description,Google Shopping / Google Product Category,Google Shopping / Gender,Google Shopping / Age Group,Google Shopping / MPN,Google Shopping / AdWords Grouping,Google Shopping / AdWords Labels,Google Shopping / Condition,Google Shopping / Custom Product,Google Shopping / Custom Label 0,Google Shopping / Custom Label 1,Google Shopping / Custom Label 2,Google Shopping / Custom Label 3,Google Shopping / Custom Label 4,Variant Image,Variant Weight Unit,Variant Tax Code
xxl-exfoliating-back-scrubber-by-iduna-beauty,XXL Exfoliating Back Scrubber By Iduna Beauty,"<h3>First, imagine the person who you are going to greet</h3>
<p>The very usage of it brings pleasure and light to their owners. Apart from that, you can get a gift voucher - the recipient will choose a gift themselves. If you have any questions, suggestions or hesitations - please feel free to contact us, we’ll gladly help you!  Choosing a gift may be an incredibly challenging thing to do… unless you have someone like us to help you. No matter who you have to choose a gift for - we are here to assist.</p>
<p>Put several questions to yourself: what is their hobby?</p>
<ol>
<li>What kind of things do they already have?</li>
<li>Is it something fancy or closer to minimalism?</li>
<li>Define the type of nature they possess: a romantic or pragmatic and down-to-earth one.</li>
</ol>
<p><strong></strong>Remember: a great present may be an everyday thing but shaped in a highly aesthetic way. The very usage of it brings pleasure and light to their owners. Apart from that, you can get a gift voucher - the recipient will choose a gift themselves. If you have any questions, suggestions or hesitations - <strong>please feel free to contact us, we’ll gladly help you</strong>!  Choosing a gift may be an incredibly challenging thing to do… unless you have someone like us to help you.</p>
<h4>No matter who you have to choose a gift for - we are here to assist</h4>
<p><iframe src=""https://www.youtube-nocookie.com/embed/YlagcvqQjLQ?rel=0"" allowfullscreen="""" height=""720"" width=""1280""></iframe></p>
<p>Choose ‘Gifts for a bedroom/kitchen/garden’ section and see what is offered there. What exactly can you get at our store? Almost anything, strating from tea cozies and retro vinyls to chic desk accessories and different gadgets for cars, home and office. <a target=""_blank"" href=""https://www.youtube.com/watch?v=YlagcvqQjLQ"">Remember: a great present may be an everyday thing but shaped in a highly aesthetic way</a>. The very usage of it brings pleasure and light to their owners. What kind of things do they already have?</p>",theme460-gifts-shop,Toys,"",true,Title,Default Title,,,,,654654654-56,0,shopify,0,deny,manual,36.00,,true,false,'541265746854231,https://cdn.shopify.com/s/files/1/0101/7672/5051/products/xxl_exfoliating_back_scrubber_by_iduna_beauty_1.png?v=1537282799,1,,false,,,,,,,,,,,,,,,,,kg,
xxl-exfoliating-back-scrubber-by-iduna-beauty,,,,,,,,,,,,,,,,,,,,,,,,https://cdn.shopify.com/s/files/1/0101/7672/5051/products/xxl_exfoliating_back_scrubber_by_iduna_beauty_2.png?v=1537282799,2,,,,,,,,,,,,,,,,,,,,
xxl-exfoliating-back-scrubber-by-iduna-beauty,,,,,,,,,,,,,,,,,,,,,,,,https://cdn.shopify.com/s/files/1/0101/7672/5051/products/xxl_exfoliating_back_scrubber_by_iduna_beauty_3.png?v=1537282799,3,,,,,,,,,,,,,,,,,,,,
xxl-exfoliating-back-scrubber-by-iduna-beauty,,,,,,,,,,,,,,,,,,,,,,,,https://cdn.shopify.com/s/files/1/0101/7672/5051/products/xxl_exfoliating_back_scrubber_by_iduna_beauty_4.png?v=1537282799,4,,,,,,,,,,,,,,,,,,,,
xxl-exfoliating-back-scrubber-by-iduna-beauty,,,,,,,,,,,,,,,,,,,,,,,,https://cdn.shopify.com/s/files/1/0101/7672/5051/products/xxl_exfoliating_back_scrubber_by_iduna_beauty_5.png?v=1537282799,5,,,,,,,,,,,,,,,,,,,,
wine-country-gift-baskets-tower-of-sweets,Wine Country Gift Baskets Tower of Sweets,"<h2>No matter who you have to choose a gift for - we are here to assist</h2>
<p>The very usage of it brings pleasure and light to their owners. Apart from that, you can get a gift voucher - the recipient will choose a gift themselves. If you have any questions, suggestions or hesitations - please feel free to contact us, we’ll gladly help you!  Choosing a gift may be an incredibly challenging thing to do… unless you have someone like us to help you.</p>
<p><strong></strong>Almost anything, strating from tea cozies and retro vinyls to chic desk accessories and different gadgets for cars, home and office. Remember: <strong>a great present may be an everyday thing</strong> but shaped in a highly aesthetic way.</p>
The very usage of it brings pleasure and light to their owners. <a target=""_blank"" href=""https://www.youtube.com/watch?v=YlagcvqQjLQ"">Apart from that, you can get a gift voucher</a> - the recipient will choose a gift themselves. If you have any questions, suggestions or hesitations - please feel free to contact us, we’ll gladly help you!  Choosing a gift may be an incredibly challenging thing to do… unless you have someone like us to help you. No matter who you have to choose a gift for - we are here to assist.<br>
<ul>
<li>Count on us</li>
<li>Is it something fancy or closer to minimalism?</li>
</ul>
<p>If you know the answer - congrats, you’ve almost chosen the perfect gift - just go through our site classification and you’ll recognize a great gift option as soon as you see it. Nevertheless, you still might be thinking ‘how do I choose a gift if I don’t know the person well?’ Count on us. There are several thousands of gift items at your disposal, all classified. And this classification is the thing which will help you out.</p>",theme460-gifts-shop,Gift Baskets,Lorem ipsum,true,Title,Default Title,,,,,'327038,4500,shopify,100,deny,manual,140.00,88.00,true,true,555-6322-1,https://cdn.shopify.com/s/files/1/0101/7672/5051/products/wine_country_gift_baskets_tower_of_sweets_1.png?v=1537282772,1,,false,,,,,,,,,,,,,,,,,kg,
wine-country-gift-baskets-tower-of-sweets,,,,,,,,,,,,,,,,,,,,,,,,https://cdn.shopify.com/s/files/1/0101/7672/5051/products/wine_country_gift_baskets_tower_of_sweets_2.png?v=1537282772,2,,,,,,,,,,,,,,,,,,,,
wine-country-gift-baskets-tower-of-sweets,,,,,,,,,,,,,,,,,,,,,,,,https://cdn.shopify.com/s/files/1/0101/7672/5051/products/wine_country_gift_baskets_tower_of_sweets_3.png?v=1537282772,3,,,,,,,,,,,,,,,,,,,,
wine-country-gift-baskets-tower-of-sweets,,,,,,,,,,,,,,,,,,,,,,,,https://cdn.shopify.com/s/files/1/0101/7672/5051/products/wine_country_gift_baskets_tower_of_sweets_4.png?v=1537282772,4,,,,,,,,,,,,,,,,,,,,
wine-country-gift-baskets-tower-of-sweets,,,,,,,,,,,,,,,,,,,,,,,,https://cdn.shopify.com/s/files/1/0101/7672/5051/products/wine_country_gift_baskets_tower_of_sweets_5.png?v=1537282772,5,,,,,,,,,,,,,,,,,,,,
white-rose-jasmine-gold-tub-spa-bath-gift-set,White Rose Jasmine Gold Tub Spa Bath Gift Set,"<p>The very usage of it brings pleasure and light to their owners. Apart from that, you can get a gift voucher - the recipient will choose a gift themselves. If you have any questions, suggestions or hesitations - please feel free to contact us, we’ll gladly help you!</p>
<h4>Choosing a gift may be an incredibly challenging thing to do…</h4>
<ol>
<li>First, imagine the person who you are going to greet</li>
<li>Put several questions to yourself: what is their hobby?</li>
<li>What kind of things do they already have?</li>
<li>Is it something fancy or closer to minimalism?</li>
</ol>
<p><strong></strong>Remember: a great present may be an everyday thing but shaped in a highly aesthetic way. <strong>The very usage of it brings pleasure and light to their owners.</strong> Apart from that, you can get a gift voucher - the recipient will choose a gift themselves. If you have any questions, suggestions or hesitations - please feel free to contact us, we’ll gladly help you!  Choosing a gift may be an incredibly challenging thing to do… unless you have someone like us to help you.</p>
<p>If you know what a person does go to the ‘Interest section’: you’ll see the gifts for cooks, cyclists, gardereners, pet lovers, owl owners and for many more.</p>",theme460-gifts-shop,Jewelry,"",true,Size,L,,,,,327AE-6,700,,99,deny,manual,90.00,,false,true,'327038522,https://cdn.shopify.com/s/files/1/0101/7672/5051/products/white_rose_jasmine_gold_tub_spa_bath_gift_set_1.png?v=1537282741,1,,false,,,,,,,,,,,,,,,,,kg,
white-rose-jasmine-gold-tub-spa-bath-gift-set,,,,,,,,XL,,,,,556-62225,1500,,1,deny,manual,95.00,99.00,true,true,'48245687465,https://cdn.shopify.com/s/files/1/0101/7672/5051/products/white_rose_jasmine_gold_tub_spa_bath_gift_set_2.png?v=1537282741,2,,,,,,,,,,,,,,,,,,https://cdn.shopify.com/s/files/1/0101/7672/5051/products/white_rose_jasmine_gold_tub_spa_bath_gift_set_2.png?v=1537282741,kg,
white-rose-jasmine-gold-tub-spa-bath-gift-set,,,,,,,,XXL,,,,,'64554,300,shopify,50,deny,manual,89.00,,true,true,'2353565467,https://cdn.shopify.com/s/files/1/0101/7672/5051/products/white_rose_jasmine_gold_tub_spa_bath_gift_set_3.png?v=1537282741,3,,,,,,,,,,,,,,,,,,,kg,
white-rose-jasmine-gold-tub-spa-bath-gift-set,,,,,,,,,,,,,,,,,,,,,,,,https://cdn.shopify.com/s/files/1/0101/7672/5051/products/white_rose_jasmine_gold_tub_spa_bath_gift_set_4.png?v=1537282741,4,,,,,,,,,,,,,,,,,,,,
white-rose-jasmine-gold-tub-spa-bath-gift-set,,,,,,,,,,,,,,,,,,,,,,,,https://cdn.shopify.com/s/files/1/0101/7672/5051/products/white_rose_jasmine_gold_tub_spa_bath_gift_set_5.png?v=1537282741,5,,,,,,,,,,,,,,,,,,,,
viper-shot-king-sisal-fiber-bristle-dartboard,Viper Shot King Sisal Fiber Bristle Dartboard,"<h2>First, imagine the person who you are going to greet.</h2>
<p>Put several questions to yourself: what is their hobby? What kind of things do they already have? Is it something fancy or closer to minimalism? Define the type of nature they possess:  a romantic or pragmatic and down-to-earth one. If you know the answer - congrats, you’ve almost chosen the perfect gift - just go through our site classification and you’ll recognize a great gift option as soon as you see it.</p>
<p>Apart from that, <a target=""_blank"" href=""https://www.youtube.com/watch?v=YlagcvqQjLQ"">you can get a gift voucher</a> - the recipient will choose a gift themselves. If you have any questions, suggestions or hesitations - please feel free to contact us, we’ll gladly help you!</p>
<h2>What exactly can you get at our store?</h2>
<p>There are several thousands of gift items at your disposal, all classified. And this classification is the thing which will help you out.</p>
<p>Almost anything, strating from tea cozies and retro vinyls to chic desk accessories and different gadgets for cars, home and office. Remember: a great present may be an everyday thing but shaped in a highly aesthetic way.</p>
<ul>
<li>There are several thousands of gift items at your disposal, all classified.</li>
<li>And this classification is the thing which will help you out.</li>
<li>There are ‘Gifts for him’, ‘Gifts for her’ or ‘Gifts for kids’ - use the ideas suggested there, they might give you a hint what can be a good gift for the person.</li>
</ul>
<h3>If you know the answer - congrats, you’ve almost chosen the perfect gift</h3>
<p>Remember: a great present may be an everyday thing but shaped in a highly aesthetic way.</p>
<blockquote>
<p>Define the type of nature they possess:  a romantic or pragmatic and down-to-earth one. If you know the answer - congrats, you’ve almost chosen the perfect gift - just go through our site classification and you’ll recognize a great gift option as soon as you see it.</p>
</blockquote>
<p><iframe src=""https://www.youtube-nocookie.com/embed/YlagcvqQjLQ?rel=0"" allowfullscreen="""" height=""720"" width=""1280""></iframe></p>
<p>Also you can choose a gift for a house - this gift type is usually one of the most demanded ones. Choose ‘Gifts for a bedroom/kitchen/garden’ section and see what is offered there. What exactly can you get at our store? Almost anything, strating from tea cozies and retro vinyls to chic desk accessories and different gadgets for cars, home and office. Remember: a great present may be an everyday thing but shaped in a highly aesthetic way.</p>",theme460-gifts-shop,Toys,"Dolor, Lorem ipsum, Sit amet",true,Title,Default Title,,,,,,0,shopify,98,deny,manual,90.00,,true,true,,https://cdn.shopify.com/s/files/1/0101/7672/5051/products/viper_shot_king_sisal_fiber_bristle_dartboard_1.png?v=1537282713,1,,false,,,,,,,,,,,,,,,,,kg,
viper-shot-king-sisal-fiber-bristle-dartboard,,,,,,,,,,,,,,,,,,,,,,,,https://cdn.shopify.com/s/files/1/0101/7672/5051/products/viper_shot_king_sisal_fiber_bristle_dartboard_2.png?v=1537282713,2,,,,,,,,,,,,,,,,,,,,
viper-shot-king-sisal-fiber-bristle-dartboard,,,,,,,,,,,,,,,,,,,,,,,,https://cdn.shopify.com/s/files/1/0101/7672/5051/products/viper_shot_king_sisal_fiber_bristle_dartboard_3.png?v=1537282713,3,,,,,,,,,,,,,,,,,,,,
viper-shot-king-sisal-fiber-bristle-dartboard,,,,,,,,,,,,,,,,,,,,,,,,https://cdn.shopify.com/s/files/1/0101/7672/5051/products/viper_shot_king_sisal_fiber_bristle_dartboard_4.png?v=1537282713,4,,,,,,,,,,,,,,,,,,,,
viper-shot-king-sisal-fiber-bristle-dartboard,,,,,,,,,,,,,,,,,,,,,,,,https://cdn.shopify.com/s/files/1/0101/7672/5051/products/viper_shot_king_sisal_fiber_bristle_dartboard_5.png?v=1537282713,5,,,,,,,,,,,,,,,,,,,,
the-chess-store-royal-staunton-wood-chess-set-african-padauk-and-boxwood-chess-pieces-with-padauk-and-birds-eye-maple-molded-chess-board,The Chess Store Royal Staunton Wood Chess Set African Padauk & Boxwood Chess Pieces with Padauk & Bird's Eye Maple Molded Chess Board,"<p>Choosing a gift may be an incredibly challenging thing to do… unless you have someone like us to help you. No matter who you have to choose a gift for - we are here to assist. First, imagine the person who you are going to greet. Put several questions to yourself: what is their hobby? What kind of things do they already have? Is it something fancy or closer to minimalism? Define the type of nature they possess:  a romantic or pragmatic and down-to-earth one.</p>
<h3>First, imagine the person who you are going to greet.</h3>
<p><iframe src=""https://www.youtube-nocookie.com/embed/YlagcvqQjLQ?rel=0"" allowfullscreen="""" height=""720"" width=""1280""></iframe></p>
<p>Define the type of nature they possess: a romantic or pragmatic and down-to-earth one:</p>
<ul>
<li>Count on us</li>
<li>Define the type of nature they possess</li>
<li>Put several questions to yourself</li>
</ul>
<p>What exactly can you get at our store? Almost anything, strating from tea cozies and retro vinyls to chic desk accessories and different gadgets for cars, home and office. Remember: a great present may be an everyday thing but shaped in a highly aesthetic way. The very usage of it brings pleasure and light to their owners.</p>
<h4>What kind of things do they already have?</h4>
<p>Apart from that, you can get a gift voucher - the recipient will choose a gift themselves. If you have any questions, suggestions or hesitations - please feel free to contact us, we’ll gladly help you!  Choosing a gift may be an incredibly challenging thing to do… unless you have someone like us to help you. No matter who you have to choose a gift for - we are here to assist. First, imagine the person who you are going to greet.</p>",theme460-gifts-shop,Souvenirs,"Dolor, Sit amet",true,Color,Black,Size,XL,Type,Wood,,1200,shopify,100,continue,manual,175.00,190.00,true,true,,https://cdn.shopify.com/s/files/1/0101/7672/5051/products/the_chess_store_royal_staunton_wood_chess_set_african_padauk_and_boxwood_chess_pieces_with_padauk_and_birds_eye_maple_molded_chess_board_1.png?v=1537282682,1,,false,,,,,,,,,,,,,,,,https://cdn.shopify.com/s/files/1/0101/7672/5051/products/the_chess_store_royal_staunton_wood_chess_set_african_padauk_and_boxwood_chess_pieces_with_padauk_and_birds_eye_maple_molded_chess_board_1.png?v=1537282682,lb,
the-chess-store-royal-staunton-wood-chess-set-african-padauk-and-boxwood-chess-pieces-with-padauk-and-birds-eye-maple-molded-chess-board,,,,,,,,Blue,,XXL,,Metal,,2500,shopify,100,deny,manual,177.00,180.00,true,true,,https://cdn.shopify.com/s/files/1/0101/7672/5051/products/the_chess_store_royal_staunton_wood_chess_set_african_padauk_and_boxwood_chess_pieces_with_padauk_and_birds_eye_maple_molded_chess_board_2.png?v=1537282682,2,,,,,,,,,,,,,,,,,,https://cdn.shopify.com/s/files/1/0101/7672/5051/products/the_chess_store_royal_staunton_wood_chess_set_african_padauk_and_boxwood_chess_pieces_with_padauk_and_birds_eye_maple_molded_chess_board_2.png?v=1537282682,kg,
the-chess-store-royal-staunton-wood-chess-set-african-padauk-and-boxwood-chess-pieces-with-padauk-and-birds-eye-maple-molded-chess-board,,,,,,,,Red,,XL,,Wood,,800,shopify,1,deny,manual,175.00,189.00,true,true,,https://cdn.shopify.com/s/files/1/0101/7672/5051/products/the_chess_store_royal_staunton_wood_chess_set_african_padauk_and_boxwood_chess_pieces_with_padauk_and_birds_eye_maple_molded_chess_board_3.png?v=1537282682,3,,,,,,,,,,,,,,,,,,https://cdn.shopify.com/s/files/1/0101/7672/5051/products/the_chess_store_royal_staunton_wood_chess_set_african_padauk_and_boxwood_chess_pieces_with_padauk_and_birds_eye_maple_molded_chess_board_3.png?v=1537282682,oz,
the-chess-store-royal-staunton-wood-chess-set-african-padauk-and-boxwood-chess-pieces-with-padauk-and-birds-eye-maple-molded-chess-board,,,,,,,,Black,,XXL,,Paper,,100,shopify,13,continue,manual,170.00,185.00,true,true,,https://cdn.shopify.com/s/files/1/0101/7672/5051/products/the_chess_store_royal_staunton_wood_chess_set_african_padauk_and_boxwood_chess_pieces_with_padauk_and_birds_eye_maple_molded_chess_board_4.png?v=1537282682,4,,,,,,,,,,,,,,,,,,https://cdn.shopify.com/s/files/1/0101/7672/5051/products/the_chess_store_royal_staunton_wood_chess_set_african_padauk_and_boxwood_chess_pieces_with_padauk_and_birds_eye_maple_molded_chess_board_4.png?v=1537282682,g,
the-chess-store-royal-staunton-wood-chess-set-african-padauk-and-boxwood-chess-pieces-with-padauk-and-birds-eye-maple-molded-chess-board,,,,,,,,,,,,,,,,,,,,,,,,https://cdn.shopify.com/s/files/1/0101/7672/5051/products/the_chess_store_royal_staunton_wood_chess_set_african_padauk_and_boxwood_chess_pieces_with_padauk_and_birds_eye_maple_molded_chess_board_5.png?v=1537282682,5,,,,,,,,,,,,,,,,,,,,
pearhead-side-photo-album,Pearhead Side Photo Album,"<h3>First, imagine the person who you are going to greet</h3>
<p>The very usage of it brings pleasure and light to their owners. Apart from that, you can get a gift voucher - the recipient will choose a gift themselves. If you have any questions, suggestions or hesitations - please feel free to contact us, we’ll gladly help you!  Choosing a gift may be an incredibly challenging thing to do… unless you have someone like us to help you. No matter who you have to choose a gift for - we are here to assist.</p>
<p>Put several questions to yourself: what is their hobby?</p>
<ol>
<li>What kind of things do they already have?</li>
<li>Is it something fancy or closer to minimalism?</li>
<li>Define the type of nature they possess: a romantic or pragmatic and down-to-earth one.</li>
</ol>
<p><strong></strong>Remember: a great present may be an everyday thing but shaped in a highly aesthetic way. The very usage of it brings pleasure and light to their owners. Apart from that, you can get a gift voucher - the recipient will choose a gift themselves. If you have any questions, suggestions or hesitations - <strong>please feel free to contact us, we’ll gladly help you</strong>!  Choosing a gift may be an incredibly challenging thing to do… unless you have someone like us to help you.</p>
<h4>No matter who you have to choose a gift for - we are here to assist</h4>
<p><iframe src=""https://www.youtube-nocookie.com/embed/YlagcvqQjLQ?rel=0"" allowfullscreen="""" height=""720"" width=""1280""></iframe></p>
<p>Choose ‘Gifts for a bedroom/kitchen/garden’ section and see what is offered there. What exactly can you get at our store? Almost anything, strating from tea cozies and retro vinyls to chic desk accessories and different gadgets for cars, home and office. <a target=""_blank"" href=""https://www.youtube.com/watch?v=YlagcvqQjLQ"">Remember: a great present may be an everyday thing but shaped in a highly aesthetic way</a>. The very usage of it brings pleasure and light to their owners. What kind of things do they already have?</p>",theme460-gifts-shop,Souvenirs,Lorem ipsum,true,Title,Default Title,,,,,654654654-56,0,shopify,0,deny,manual,145.00,,true,false,'541265746854231,https://cdn.shopify.com/s/files/1/0101/7672/5051/products/pearhead_side_photo_album_1.png?v=1537282655,1,,false,,,,,,,,,,,,,,,,,kg,
pearhead-side-photo-album,,,,,,,,,,,,,,,,,,,,,,,,https://cdn.shopify.com/s/files/1/0101/7672/5051/products/pearhead_side_photo_album_2.png?v=1537282655,2,,,,,,,,,,,,,,,,,,,,
pearhead-side-photo-album,,,,,,,,,,,,,,,,,,,,,,,,https://cdn.shopify.com/s/files/1/0101/7672/5051/products/pearhead_side_photo_album_3.png?v=1537282655,3,,,,,,,,,,,,,,,,,,,,
pearhead-side-photo-album,,,,,,,,,,,,,,,,,,,,,,,,https://cdn.shopify.com/s/files/1/0101/7672/5051/products/pearhead_side_photo_album_4.png?v=1537282655,4,,,,,,,,,,,,,,,,,,,,
pearhead-side-photo-album,,,,,,,,,,,,,,,,,,,,,,,,https://cdn.shopify.com/s/files/1/0101/7672/5051/products/pearhead_side_photo_album_5.png?v=1537282655,5,,,,,,,,,,,,,,,,,,,,
niceeshoptm-cute-cat-key-chain,Niceeshop(TM) Cute Cat Key Chain,"<h2>No matter who you have to choose a gift for - we are here to assist</h2>
<p>The very usage of it brings pleasure and light to their owners. Apart from that, you can get a gift voucher - the recipient will choose a gift themselves. If you have any questions, suggestions or hesitations - please feel free to contact us, we’ll gladly help you!  Choosing a gift may be an incredibly challenging thing to do… unless you have someone like us to help you.</p>
<p><strong></strong>Almost anything, strating from tea cozies and retro vinyls to chic desk accessories and different gadgets for cars, home and office. Remember: <strong>a great present may be an everyday thing</strong> but shaped in a highly aesthetic way.</p>
The very usage of it brings pleasure and light to their owners. <a target=""_blank"" href=""https://www.youtube.com/watch?v=YlagcvqQjLQ"">Apart from that, you can get a gift voucher</a> - the recipient will choose a gift themselves. If you have any questions, suggestions or hesitations - please feel free to contact us, we’ll gladly help you!  Choosing a gift may be an incredibly challenging thing to do… unless you have someone like us to help you. No matter who you have to choose a gift for - we are here to assist.<br>
<ul>
<li>Count on us</li>
<li>Is it something fancy or closer to minimalism?</li>
</ul>
<p>If you know the answer - congrats, you’ve almost chosen the perfect gift - just go through our site classification and you’ll recognize a great gift option as soon as you see it. Nevertheless, you still might be thinking ‘how do I choose a gift if I don’t know the person well?’ Count on us. There are several thousands of gift items at your disposal, all classified. And this classification is the thing which will help you out.</p>",theme460-gifts-shop,Toys,"",true,Title,Default Title,,,,,'327038,4500,shopify,100,deny,manual,89.00,88.00,true,true,555-6322-1,https://cdn.shopify.com/s/files/1/0101/7672/5051/products/niceeshoptm_cute_cat_key_chain_1.png?v=1537282627,1,,false,,,,,,,,,,,,,,,,,kg,
niceeshoptm-cute-cat-key-chain,,,,,,,,,,,,,,,,,,,,,,,,https://cdn.shopify.com/s/files/1/0101/7672/5051/products/niceeshoptm_cute_cat_key_chain_2.png?v=1537282627,2,,,,,,,,,,,,,,,,,,,,
niceeshoptm-cute-cat-key-chain,,,,,,,,,,,,,,,,,,,,,,,,https://cdn.shopify.com/s/files/1/0101/7672/5051/products/niceeshoptm_cute_cat_key_chain_3.png?v=1537282627,3,,,,,,,,,,,,,,,,,,,,
niceeshoptm-cute-cat-key-chain,,,,,,,,,,,,,,,,,,,,,,,,https://cdn.shopify.com/s/files/1/0101/7672/5051/products/niceeshoptm_cute_cat_key_chain_4.png?v=1537282627,4,,,,,,,,,,,,,,,,,,,,
niceeshoptm-cute-cat-key-chain,,,,,,,,,,,,,,,,,,,,,,,,https://cdn.shopify.com/s/files/1/0101/7672/5051/products/niceeshoptm_cute_cat_key_chain_5.png?v=1537282627,5,,,,,,,,,,,,,,,,,,,,
mr-and-mrs-christian-coffee-mug-set,Mr. and Mrs. Christian Coffee Mug Set,"<p>The very usage of it brings pleasure and light to their owners. Apart from that, you can get a gift voucher - the recipient will choose a gift themselves. If you have any questions, suggestions or hesitations - please feel free to contact us, we’ll gladly help you!</p>
<h4>Choosing a gift may be an incredibly challenging thing to do…</h4>
<ol>
<li>First, imagine the person who you are going to greet</li>
<li>Put several questions to yourself: what is their hobby?</li>
<li>What kind of things do they already have?</li>
<li>Is it something fancy or closer to minimalism?</li>
</ol>
<p><strong></strong>Remember: a great present may be an everyday thing but shaped in a highly aesthetic way. <strong>The very usage of it brings pleasure and light to their owners.</strong> Apart from that, you can get a gift voucher - the recipient will choose a gift themselves. If you have any questions, suggestions or hesitations - please feel free to contact us, we’ll gladly help you!  Choosing a gift may be an incredibly challenging thing to do… unless you have someone like us to help you.</p>
<p>If you know what a person does go to the ‘Interest section’: you’ll see the gifts for cooks, cyclists, gardereners, pet lovers, owl owners and for many more.</p>",theme460-gifts-shop,Gift Baskets,"Dolor, Lorem ipsum, Sit amet",true,Size,L,,,,,327AE-6,700,,99,deny,manual,150.00,,false,true,'327038522,https://cdn.shopify.com/s/files/1/0101/7672/5051/products/mr_and_mrs_christian_coffee_mug_set_1.png?v=1537282599,1,,false,,,,,,,,,,,,,,,,,kg,
mr-and-mrs-christian-coffee-mug-set,,,,,,,,XL,,,,,556-62225,1500,,1,deny,manual,160.00,170.00,true,true,'48245687465,https://cdn.shopify.com/s/files/1/0101/7672/5051/products/mr_and_mrs_christian_coffee_mug_set_2.png?v=1537282599,2,,,,,,,,,,,,,,,,,,https://cdn.shopify.com/s/files/1/0101/7672/5051/products/mr_and_mrs_christian_coffee_mug_set_2.png?v=1537282599,kg,
mr-and-mrs-christian-coffee-mug-set,,,,,,,,XXL,,,,,'64554,300,shopify,50,deny,manual,149.00,,true,true,'2353565467,https://cdn.shopify.com/s/files/1/0101/7672/5051/products/mr_and_mrs_christian_coffee_mug_set_3.png?v=1537282599,3,,,,,,,,,,,,,,,,,,,kg,
mr-and-mrs-christian-coffee-mug-set,,,,,,,,,,,,,,,,,,,,,,,,https://cdn.shopify.com/s/files/1/0101/7672/5051/products/mr_and_mrs_christian_coffee_mug_set_4.png?v=1537282599,4,,,,,,,,,,,,,,,,,,,,
mr-and-mrs-christian-coffee-mug-set,,,,,,,,,,,,,,,,,,,,,,,,https://cdn.shopify.com/s/files/1/0101/7672/5051/products/mr_and_mrs_christian_coffee_mug_set_5.png?v=1537282599,5,,,,,,,,,,,,,,,,,,,,
lindt-lindor-truffles-assorted-token-gift-box,Lindt Lindor Truffles Assorted Token Gift Box,"<h2>First, imagine the person who you are going to greet.</h2>
<p>Put several questions to yourself: what is their hobby? What kind of things do they already have? Is it something fancy or closer to minimalism? Define the type of nature they possess:  a romantic or pragmatic and down-to-earth one. If you know the answer - congrats, you’ve almost chosen the perfect gift - just go through our site classification and you’ll recognize a great gift option as soon as you see it.</p>
<p>Apart from that, <a target=""_blank"" href=""https://www.youtube.com/watch?v=YlagcvqQjLQ"">you can get a gift voucher</a> - the recipient will choose a gift themselves. If you have any questions, suggestions or hesitations - please feel free to contact us, we’ll gladly help you!</p>
<h2>What exactly can you get at our store?</h2>
<p>There are several thousands of gift items at your disposal, all classified. And this classification is the thing which will help you out.</p>
<p>Almost anything, strating from tea cozies and retro vinyls to chic desk accessories and different gadgets for cars, home and office. Remember: a great present may be an everyday thing but shaped in a highly aesthetic way.</p>
<ul>
<li>There are several thousands of gift items at your disposal, all classified.</li>
<li>And this classification is the thing which will help you out.</li>
<li>There are ‘Gifts for him’, ‘Gifts for her’ or ‘Gifts for kids’ - use the ideas suggested there, they might give you a hint what can be a good gift for the person.</li>
</ul>
<h3>If you know the answer - congrats, you’ve almost chosen the perfect gift</h3>
<p>Remember: a great present may be an everyday thing but shaped in a highly aesthetic way.</p>
<blockquote>
<p>Define the type of nature they possess:  a romantic or pragmatic and down-to-earth one. If you know the answer - congrats, you’ve almost chosen the perfect gift - just go through our site classification and you’ll recognize a great gift option as soon as you see it.</p>
</blockquote>
<p><iframe src=""https://www.youtube-nocookie.com/embed/YlagcvqQjLQ?rel=0"" allowfullscreen="""" height=""720"" width=""1280""></iframe></p>
<p>Also you can choose a gift for a house - this gift type is usually one of the most demanded ones. Choose ‘Gifts for a bedroom/kitchen/garden’ section and see what is offered there. What exactly can you get at our store? Almost anything, strating from tea cozies and retro vinyls to chic desk accessories and different gadgets for cars, home and office. Remember: a great present may be an everyday thing but shaped in a highly aesthetic way.</p>",theme460-gifts-shop,Jewelry,"Dolor, Sit amet",true,Title,Default Title,,,,,,0,shopify,98,deny,manual,135.00,,true,true,,https://cdn.shopify.com/s/files/1/0101/7672/5051/products/lindt_lindor_truffles_assorted_token_gift_box_1.png?v=1537282572,1,,false,,,,,,,,,,,,,,,,,kg,
lindt-lindor-truffles-assorted-token-gift-box,,,,,,,,,,,,,,,,,,,,,,,,https://cdn.shopify.com/s/files/1/0101/7672/5051/products/lindt_lindor_truffles_assorted_token_gift_box_2.png?v=1537282572,2,,,,,,,,,,,,,,,,,,,,
lindt-lindor-truffles-assorted-token-gift-box,,,,,,,,,,,,,,,,,,,,,,,,https://cdn.shopify.com/s/files/1/0101/7672/5051/products/lindt_lindor_truffles_assorted_token_gift_box_3.png?v=1537282572,3,,,,,,,,,,,,,,,,,,,,
lindt-lindor-truffles-assorted-token-gift-box,,,,,,,,,,,,,,,,,,,,,,,,https://cdn.shopify.com/s/files/1/0101/7672/5051/products/lindt_lindor_truffles_assorted_token_gift_box_4.png?v=1537282572,4,,,,,,,,,,,,,,,,,,,,
lindt-lindor-truffles-assorted-token-gift-box,,,,,,,,,,,,,,,,,,,,,,,,https://cdn.shopify.com/s/files/1/0101/7672/5051/products/lindt_lindor_truffles_assorted_token_gift_box_5.png?v=1537282572,5,,,,,,,,,,,,,,,,,,,,
improving-lifestyles-leather-men-tri-fold-wallet-fixed-flip-up-window-id-with-free-organza-gift-bag,Improving Lifestyles Leather Men Tri Fold Wallet FIXED Flip Up Window ID with FREE Organza Gift Bag,"<p>Choosing a gift may be an incredibly challenging thing to do… unless you have someone like us to help you. No matter who you have to choose a gift for - we are here to assist. First, imagine the person who you are going to greet. Put several questions to yourself: what is their hobby? What kind of things do they already have? Is it something fancy or closer to minimalism? Define the type of nature they possess:  a romantic or pragmatic and down-to-earth one.</p>
<h3>First, imagine the person who you are going to greet.</h3>
<p><iframe src=""https://www.youtube-nocookie.com/embed/YlagcvqQjLQ?rel=0"" allowfullscreen="""" height=""720"" width=""1280""></iframe></p>
<p>Define the type of nature they possess: a romantic or pragmatic and down-to-earth one:</p>
<ul>
<li>Count on us</li>
<li>Define the type of nature they possess</li>
<li>Put several questions to yourself</li>
</ul>
<p>What exactly can you get at our store? Almost anything, strating from tea cozies and retro vinyls to chic desk accessories and different gadgets for cars, home and office. Remember: a great present may be an everyday thing but shaped in a highly aesthetic way. The very usage of it brings pleasure and light to their owners.</p>
<h4>What kind of things do they already have?</h4>
<p>Apart from that, you can get a gift voucher - the recipient will choose a gift themselves. If you have any questions, suggestions or hesitations - please feel free to contact us, we’ll gladly help you!  Choosing a gift may be an incredibly challenging thing to do… unless you have someone like us to help you. No matter who you have to choose a gift for - we are here to assist. First, imagine the person who you are going to greet.</p>",theme460-gifts-shop,Toys,"",true,Color,Black,Size,XL,Type,Wood,,1200,shopify,100,continue,manual,90.00,95.00,true,true,,https://cdn.shopify.com/s/files/1/0101/7672/5051/products/improving_lifestyles_leather_men_tri_fold_wallet_fixed_flip_up_window_id_with_free_organza_gift_bag_1.png?v=1537282540,1,,false,,,,,,,,,,,,,,,,https://cdn.shopify.com/s/files/1/0101/7672/5051/products/improving_lifestyles_leather_men_tri_fold_wallet_fixed_flip_up_window_id_with_free_organza_gift_bag_1.png?v=1537282540,lb,
improving-lifestyles-leather-men-tri-fold-wallet-fixed-flip-up-window-id-with-free-organza-gift-bag,,,,,,,,Blue,,XXL,,Metal,,2500,shopify,100,deny,manual,95.00,99.00,true,true,,https://cdn.shopify.com/s/files/1/0101/7672/5051/products/improving_lifestyles_leather_men_tri_fold_wallet_fixed_flip_up_window_id_with_free_organza_gift_bag_2.png?v=1537282540,2,,,,,,,,,,,,,,,,,,https://cdn.shopify.com/s/files/1/0101/7672/5051/products/improving_lifestyles_leather_men_tri_fold_wallet_fixed_flip_up_window_id_with_free_organza_gift_bag_2.png?v=1537282540,kg,
improving-lifestyles-leather-men-tri-fold-wallet-fixed-flip-up-window-id-with-free-organza-gift-bag,,,,,,,,Red,,XL,,Wood,,800,shopify,1,deny,manual,89.00,95.00,true,true,,https://cdn.shopify.com/s/files/1/0101/7672/5051/products/improving_lifestyles_leather_men_tri_fold_wallet_fixed_flip_up_window_id_with_free_organza_gift_bag_3.png?v=1537282540,3,,,,,,,,,,,,,,,,,,https://cdn.shopify.com/s/files/1/0101/7672/5051/products/improving_lifestyles_leather_men_tri_fold_wallet_fixed_flip_up_window_id_with_free_organza_gift_bag_3.png?v=1537282540,oz,
improving-lifestyles-leather-men-tri-fold-wallet-fixed-flip-up-window-id-with-free-organza-gift-bag,,,,,,,,Black,,XXL,,Paper,,100,shopify,13,continue,manual,90.00,96.00,true,true,,https://cdn.shopify.com/s/files/1/0101/7672/5051/products/improving_lifestyles_leather_men_tri_fold_wallet_fixed_flip_up_window_id_with_free_organza_gift_bag_4.png?v=1537282540,4,,,,,,,,,,,,,,,,,,https://cdn.shopify.com/s/files/1/0101/7672/5051/products/improving_lifestyles_leather_men_tri_fold_wallet_fixed_flip_up_window_id_with_free_organza_gift_bag_4.png?v=1537282540,g,
improving-lifestyles-leather-men-tri-fold-wallet-fixed-flip-up-window-id-with-free-organza-gift-bag,,,,,,,,,,,,,,,,,,,,,,,,https://cdn.shopify.com/s/files/1/0101/7672/5051/products/improving_lifestyles_leather_men_tri_fold_wallet_fixed_flip_up_window_id_with_free_organza_gift_bag_5.png?v=1537282540,5,,,,,,,,,,,,,,,,,,,,
handmade-wooden-domino-game-with-nautical-storage-box-complete-game-set,Handmade Wooden Domino Game with Nautical Storage Box - Complete Game Set,"<h3>First, imagine the person who you are going to greet</h3>
<p>The very usage of it brings pleasure and light to their owners. Apart from that, you can get a gift voucher - the recipient will choose a gift themselves. If you have any questions, suggestions or hesitations - please feel free to contact us, we’ll gladly help you!  Choosing a gift may be an incredibly challenging thing to do… unless you have someone like us to help you. No matter who you have to choose a gift for - we are here to assist.</p>
<p>Put several questions to yourself: what is their hobby?</p>
<ol>
<li>What kind of things do they already have?</li>
<li>Is it something fancy or closer to minimalism?</li>
<li>Define the type of nature they possess: a romantic or pragmatic and down-to-earth one.</li>
</ol>
<p><strong></strong>Remember: a great present may be an everyday thing but shaped in a highly aesthetic way. The very usage of it brings pleasure and light to their owners. Apart from that, you can get a gift voucher - the recipient will choose a gift themselves. If you have any questions, suggestions or hesitations - <strong>please feel free to contact us, we’ll gladly help you</strong>!  Choosing a gift may be an incredibly challenging thing to do… unless you have someone like us to help you.</p>
<h4>No matter who you have to choose a gift for - we are here to assist</h4>
<p><iframe src=""https://www.youtube-nocookie.com/embed/YlagcvqQjLQ?rel=0"" allowfullscreen="""" height=""720"" width=""1280""></iframe></p>
<p>Choose ‘Gifts for a bedroom/kitchen/garden’ section and see what is offered there. What exactly can you get at our store? Almost anything, strating from tea cozies and retro vinyls to chic desk accessories and different gadgets for cars, home and office. <a target=""_blank"" href=""https://www.youtube.com/watch?v=YlagcvqQjLQ"">Remember: a great present may be an everyday thing but shaped in a highly aesthetic way</a>. The very usage of it brings pleasure and light to their owners. What kind of things do they already have?</p>",theme460-gifts-shop,Toys,Lorem ipsum,true,Title,Default Title,,,,,654654654-56,0,shopify,0,deny,manual,99.00,,true,false,'541265746854231,https://cdn.shopify.com/s/files/1/0101/7672/5051/products/handmade_wooden_domino_game_with_nautical_storage_box_-_complete_game_set_1.png?v=1537282512,1,,false,,,,,,,,,,,,,,,,,kg,
handmade-wooden-domino-game-with-nautical-storage-box-complete-game-set,,,,,,,,,,,,,,,,,,,,,,,,https://cdn.shopify.com/s/files/1/0101/7672/5051/products/handmade_wooden_domino_game_with_nautical_storage_box_-_complete_game_set_2.png?v=1537282512,2,,,,,,,,,,,,,,,,,,,,
handmade-wooden-domino-game-with-nautical-storage-box-complete-game-set,,,,,,,,,,,,,,,,,,,,,,,,https://cdn.shopify.com/s/files/1/0101/7672/5051/products/handmade_wooden_domino_game_with_nautical_storage_box_-_complete_game_set_3.png?v=1537282512,3,,,,,,,,,,,,,,,,,,,,
handmade-wooden-domino-game-with-nautical-storage-box-complete-game-set,,,,,,,,,,,,,,,,,,,,,,,,https://cdn.shopify.com/s/files/1/0101/7672/5051/products/handmade_wooden_domino_game_with_nautical_storage_box_-_complete_game_set_4.png?v=1537282512,4,,,,,,,,,,,,,,,,,,,,
handmade-wooden-domino-game-with-nautical-storage-box-complete-game-set,,,,,,,,,,,,,,,,,,,,,,,,https://cdn.shopify.com/s/files/1/0101/7672/5051/products/handmade_wooden_domino_game_with_nautical_storage_box_-_complete_game_set_5.png?v=1537282512,5,,,,,,,,,,,,,,,,,,,,
golden-state-fruit-flora-dried-fruit-and-nut-gift-tray,Golden State Fruit Flora Dried Fruit and Nut Gift Tray,"<h2>No matter who you have to choose a gift for - we are here to assist</h2>
<p>The very usage of it brings pleasure and light to their owners. Apart from that, you can get a gift voucher - the recipient will choose a gift themselves. If you have any questions, suggestions or hesitations - please feel free to contact us, we’ll gladly help you!  Choosing a gift may be an incredibly challenging thing to do… unless you have someone like us to help you.</p>
<p><strong></strong>Almost anything, strating from tea cozies and retro vinyls to chic desk accessories and different gadgets for cars, home and office. Remember: <strong>a great present may be an everyday thing</strong> but shaped in a highly aesthetic way.</p>
The very usage of it brings pleasure and light to their owners. <a target=""_blank"" href=""https://www.youtube.com/watch?v=YlagcvqQjLQ"">Apart from that, you can get a gift voucher</a> - the recipient will choose a gift themselves. If you have any questions, suggestions or hesitations - please feel free to contact us, we’ll gladly help you!  Choosing a gift may be an incredibly challenging thing to do… unless you have someone like us to help you. No matter who you have to choose a gift for - we are here to assist.<br>
<ul>
<li>Count on us</li>
<li>Is it something fancy or closer to minimalism?</li>
</ul>
<p>If you know the answer - congrats, you’ve almost chosen the perfect gift - just go through our site classification and you’ll recognize a great gift option as soon as you see it. Nevertheless, you still might be thinking ‘how do I choose a gift if I don’t know the person well?’ Count on us. There are several thousands of gift items at your disposal, all classified. And this classification is the thing which will help you out.</p>",theme460-gifts-shop,Souvenirs,"",true,Title,Default Title,,,,,'327038,4500,shopify,100,deny,manual,49.00,88.00,true,true,555-6322-1,https://cdn.shopify.com/s/files/1/0101/7672/5051/products/golden_state_fruit_flora_dried_fruit_and_nut_gift_tray_1.png?v=1537282482,1,,false,,,,,,,,,,,,,,,,,kg,
golden-state-fruit-flora-dried-fruit-and-nut-gift-tray,,,,,,,,,,,,,,,,,,,,,,,,https://cdn.shopify.com/s/files/1/0101/7672/5051/products/golden_state_fruit_flora_dried_fruit_and_nut_gift_tray_2.png?v=1537282482,2,,,,,,,,,,,,,,,,,,,,
golden-state-fruit-flora-dried-fruit-and-nut-gift-tray,,,,,,,,,,,,,,,,,,,,,,,,https://cdn.shopify.com/s/files/1/0101/7672/5051/products/golden_state_fruit_flora_dried_fruit_and_nut_gift_tray_3.png?v=1537282482,3,,,,,,,,,,,,,,,,,,,,
golden-state-fruit-flora-dried-fruit-and-nut-gift-tray,,,,,,,,,,,,,,,,,,,,,,,,https://cdn.shopify.com/s/files/1/0101/7672/5051/products/golden_state_fruit_flora_dried_fruit_and_nut_gift_tray_4.png?v=1537282482,4,,,,,,,,,,,,,,,,,,,,
golden-state-fruit-flora-dried-fruit-and-nut-gift-tray,,,,,,,,,,,,,,,,,,,,,,,,https://cdn.shopify.com/s/files/1/0101/7672/5051/products/golden_state_fruit_flora_dried_fruit_and_nut_gift_tray_5.png?v=1537282482,5,,,,,,,,,,,,,,,,,,,,
game-chinese-checkers-with-marbles-handcrafted-wooden-toys-from-india,Game Chinese Checkers with Marbles Handcrafted Wooden Toys from India,"<p>The very usage of it brings pleasure and light to their owners. Apart from that, you can get a gift voucher - the recipient will choose a gift themselves. If you have any questions, suggestions or hesitations - please feel free to contact us, we’ll gladly help you!</p>
<h4>Choosing a gift may be an incredibly challenging thing to do…</h4>
<ol>
<li>First, imagine the person who you are going to greet</li>
<li>Put several questions to yourself: what is their hobby?</li>
<li>What kind of things do they already have?</li>
<li>Is it something fancy or closer to minimalism?</li>
</ol>
<p><strong></strong>Remember: a great present may be an everyday thing but shaped in a highly aesthetic way. <strong>The very usage of it brings pleasure and light to their owners.</strong> Apart from that, you can get a gift voucher - the recipient will choose a gift themselves. If you have any questions, suggestions or hesitations - please feel free to contact us, we’ll gladly help you!  Choosing a gift may be an incredibly challenging thing to do… unless you have someone like us to help you.</p>
<p>If you know what a person does go to the ‘Interest section’: you’ll see the gifts for cooks, cyclists, gardereners, pet lovers, owl owners and for many more.</p>",theme460-gifts-shop,Jewelry,"Dolor, Lorem ipsum, Sit amet",true,Size,L,,,,,327AE-6,700,,99,deny,manual,60.00,,false,true,'327038522,https://cdn.shopify.com/s/files/1/0101/7672/5051/products/game_chinese_checkers_with_marbles_handcrafted_wooden_toys_from_india_1.png?v=1537282444,1,,false,,,,,,,,,,,,,,,,,kg,
game-chinese-checkers-with-marbles-handcrafted-wooden-toys-from-india,,,,,,,,XL,,,,,556-62225,1500,,1,deny,manual,65.00,70.00,true,true,'48245687465,https://cdn.shopify.com/s/files/1/0101/7672/5051/products/game_chinese_checkers_with_marbles_handcrafted_wooden_toys_from_india_2.png?v=1537282444,2,,,,,,,,,,,,,,,,,,https://cdn.shopify.com/s/files/1/0101/7672/5051/products/game_chinese_checkers_with_marbles_handcrafted_wooden_toys_from_india_2.png?v=1537282444,kg,
game-chinese-checkers-with-marbles-handcrafted-wooden-toys-from-india,,,,,,,,XXL,,,,,'64554,300,shopify,50,deny,manual,66.00,,true,true,'2353565467,https://cdn.shopify.com/s/files/1/0101/7672/5051/products/game_chinese_checkers_with_marbles_handcrafted_wooden_toys_from_india_3.png?v=1537282444,3,,,,,,,,,,,,,,,,,,,kg,
game-chinese-checkers-with-marbles-handcrafted-wooden-toys-from-india,,,,,,,,,,,,,,,,,,,,,,,,https://cdn.shopify.com/s/files/1/0101/7672/5051/products/game_chinese_checkers_with_marbles_handcrafted_wooden_toys_from_india_4.png?v=1537282444,4,,,,,,,,,,,,,,,,,,,,
game-chinese-checkers-with-marbles-handcrafted-wooden-toys-from-india,,,,,,,,,,,,,,,,,,,,,,,,https://cdn.shopify.com/s/files/1/0101/7672/5051/products/game_chinese_checkers_with_marbles_handcrafted_wooden_toys_from_india_5.png?v=1537282444,5,,,,,,,,,,,,,,,,,,,,
french-vanilla-bath-gift-set,French Vanilla Bath Gift Set,"<h2>First, imagine the person who you are going to greet.</h2>
<p>Put several questions to yourself: what is their hobby? What kind of things do they already have? Is it something fancy or closer to minimalism? Define the type of nature they possess:  a romantic or pragmatic and down-to-earth one. If you know the answer - congrats, you’ve almost chosen the perfect gift - just go through our site classification and you’ll recognize a great gift option as soon as you see it.</p>
<p>Apart from that, <a target=""_blank"" href=""https://www.youtube.com/watch?v=YlagcvqQjLQ"">you can get a gift voucher</a> - the recipient will choose a gift themselves. If you have any questions, suggestions or hesitations - please feel free to contact us, we’ll gladly help you!</p>
<h2>What exactly can you get at our store?</h2>
<p>There are several thousands of gift items at your disposal, all classified. And this classification is the thing which will help you out.</p>
<p>Almost anything, strating from tea cozies and retro vinyls to chic desk accessories and different gadgets for cars, home and office. Remember: a great present may be an everyday thing but shaped in a highly aesthetic way.</p>
<ul>
<li>There are several thousands of gift items at your disposal, all classified.</li>
<li>And this classification is the thing which will help you out.</li>
<li>There are ‘Gifts for him’, ‘Gifts for her’ or ‘Gifts for kids’ - use the ideas suggested there, they might give you a hint what can be a good gift for the person.</li>
</ul>
<h3>If you know the answer - congrats, you’ve almost chosen the perfect gift</h3>
<p>Remember: a great present may be an everyday thing but shaped in a highly aesthetic way.</p>
<blockquote>
<p>Define the type of nature they possess:  a romantic or pragmatic and down-to-earth one. If you know the answer - congrats, you’ve almost chosen the perfect gift - just go through our site classification and you’ll recognize a great gift option as soon as you see it.</p>
</blockquote>
<p><iframe src=""https://www.youtube-nocookie.com/embed/YlagcvqQjLQ?rel=0"" allowfullscreen="""" height=""720"" width=""1280""></iframe></p>
<p>Also you can choose a gift for a house - this gift type is usually one of the most demanded ones. Choose ‘Gifts for a bedroom/kitchen/garden’ section and see what is offered there. What exactly can you get at our store? Almost anything, strating from tea cozies and retro vinyls to chic desk accessories and different gadgets for cars, home and office. Remember: a great present may be an everyday thing but shaped in a highly aesthetic way.</p>",theme460-gifts-shop,Gift Baskets,"Dolor, Sit amet",true,Title,Default Title,,,,,,0,shopify,98,deny,manual,89.00,,true,true,,https://cdn.shopify.com/s/files/1/0101/7672/5051/products/french_vanilla_bath_gift_set_1.png?v=1537282413,1,,false,,,,,,,,,,,,,,,,,kg,
french-vanilla-bath-gift-set,,,,,,,,,,,,,,,,,,,,,,,,https://cdn.shopify.com/s/files/1/0101/7672/5051/products/french_vanilla_bath_gift_set_2.png?v=1537282414,2,,,,,,,,,,,,,,,,,,,,
french-vanilla-bath-gift-set,,,,,,,,,,,,,,,,,,,,,,,,https://cdn.shopify.com/s/files/1/0101/7672/5051/products/french_vanilla_bath_gift_set_3.png?v=1537282414,3,,,,,,,,,,,,,,,,,,,,
french-vanilla-bath-gift-set,,,,,,,,,,,,,,,,,,,,,,,,https://cdn.shopify.com/s/files/1/0101/7672/5051/products/french_vanilla_bath_gift_set_4.png?v=1537282414,4,,,,,,,,,,,,,,,,,,,,
french-vanilla-bath-gift-set,,,,,,,,,,,,,,,,,,,,,,,,https://cdn.shopify.com/s/files/1/0101/7672/5051/products/french_vanilla_bath_gift_set_5.png?v=1537282414,5,,,,,,,,,,,,,,,,,,,,
free-fisher-unisex-knit-beanie-stubble-beard,Free Fisher Unisex Knit Beanie Stubble Beard,"<p>Choosing a gift may be an incredibly challenging thing to do… unless you have someone like us to help you. No matter who you have to choose a gift for - we are here to assist. First, imagine the person who you are going to greet. Put several questions to yourself: what is their hobby? What kind of things do they already have? Is it something fancy or closer to minimalism? Define the type of nature they possess:  a romantic or pragmatic and down-to-earth one.</p>
<h3>First, imagine the person who you are going to greet.</h3>
<p><iframe src=""https://www.youtube-nocookie.com/embed/YlagcvqQjLQ?rel=0"" allowfullscreen="""" height=""720"" width=""1280""></iframe></p>
<p>Define the type of nature they possess: a romantic or pragmatic and down-to-earth one:</p>
<ul>
<li>Count on us</li>
<li>Define the type of nature they possess</li>
<li>Put several questions to yourself</li>
</ul>
<p>What exactly can you get at our store? Almost anything, strating from tea cozies and retro vinyls to chic desk accessories and different gadgets for cars, home and office. Remember: a great present may be an everyday thing but shaped in a highly aesthetic way. The very usage of it brings pleasure and light to their owners.</p>
<h4>What kind of things do they already have?</h4>
<p>Apart from that, you can get a gift voucher - the recipient will choose a gift themselves. If you have any questions, suggestions or hesitations - please feel free to contact us, we’ll gladly help you!  Choosing a gift may be an incredibly challenging thing to do… unless you have someone like us to help you. No matter who you have to choose a gift for - we are here to assist. First, imagine the person who you are going to greet.</p>",theme460-gifts-shop,Jewelry,"",true,Color,Black,Size,XL,Type,Wood,,1200,shopify,100,continue,manual,35.00,40.00,true,true,,https://cdn.shopify.com/s/files/1/0101/7672/5051/products/free_fisher_unisex_knit_beanie_stubble_beard_1.png?v=1537282384,1,,false,,,,,,,,,,,,,,,,https://cdn.shopify.com/s/files/1/0101/7672/5051/products/free_fisher_unisex_knit_beanie_stubble_beard_1.png?v=1537282384,lb,
free-fisher-unisex-knit-beanie-stubble-beard,,,,,,,,Blue,,XXL,,Metal,,2500,shopify,100,deny,manual,39.00,43.00,true,true,,https://cdn.shopify.com/s/files/1/0101/7672/5051/products/free_fisher_unisex_knit_beanie_stubble_beard_2.png?v=1537282384,2,,,,,,,,,,,,,,,,,,https://cdn.shopify.com/s/files/1/0101/7672/5051/products/free_fisher_unisex_knit_beanie_stubble_beard_2.png?v=1537282384,kg,
free-fisher-unisex-knit-beanie-stubble-beard,,,,,,,,Red,,XL,,Wood,,800,shopify,1,deny,manual,35.00,44.00,true,true,,https://cdn.shopify.com/s/files/1/0101/7672/5051/products/free_fisher_unisex_knit_beanie_stubble_beard_3.png?v=1537282384,3,,,,,,,,,,,,,,,,,,https://cdn.shopify.com/s/files/1/0101/7672/5051/products/free_fisher_unisex_knit_beanie_stubble_beard_3.png?v=1537282384,oz,
free-fisher-unisex-knit-beanie-stubble-beard,,,,,,,,Black,,XXL,,Paper,,100,shopify,13,continue,manual,37.00,42.00,true,true,,https://cdn.shopify.com/s/files/1/0101/7672/5051/products/free_fisher_unisex_knit_beanie_stubble_beard_4.png?v=1537282384,4,,,,,,,,,,,,,,,,,,https://cdn.shopify.com/s/files/1/0101/7672/5051/products/free_fisher_unisex_knit_beanie_stubble_beard_4.png?v=1537282384,g,
free-fisher-unisex-knit-beanie-stubble-beard,,,,,,,,,,,,,,,,,,,,,,,,https://cdn.shopify.com/s/files/1/0101/7672/5051/products/free_fisher_unisex_knit_beanie_stubble_beard_5.png?v=1537282384,5,,,,,,,,,,,,,,,,,,,,
burts-bees-baby-bee-getting-started-gift-set,Burt's Bees Baby Bee Getting Started Gift Set,"<h3>First, imagine the person who you are going to greet</h3>
<p>The very usage of it brings pleasure and light to their owners. Apart from that, you can get a gift voucher - the recipient will choose a gift themselves. If you have any questions, suggestions or hesitations - please feel free to contact us, we’ll gladly help you!  Choosing a gift may be an incredibly challenging thing to do… unless you have someone like us to help you. No matter who you have to choose a gift for - we are here to assist.</p>
<p>Put several questions to yourself: what is their hobby?</p>
<ol>
<li>What kind of things do they already have?</li>
<li>Is it something fancy or closer to minimalism?</li>
<li>Define the type of nature they possess: a romantic or pragmatic and down-to-earth one.</li>
</ol>
<p><strong></strong>Remember: a great present may be an everyday thing but shaped in a highly aesthetic way. The very usage of it brings pleasure and light to their owners. Apart from that, you can get a gift voucher - the recipient will choose a gift themselves. If you have any questions, suggestions or hesitations - <strong>please feel free to contact us, we’ll gladly help you</strong>!  Choosing a gift may be an incredibly challenging thing to do… unless you have someone like us to help you.</p>
<h4>No matter who you have to choose a gift for - we are here to assist</h4>
<p><iframe src=""https://www.youtube-nocookie.com/embed/YlagcvqQjLQ?rel=0"" allowfullscreen="""" height=""720"" width=""1280""></iframe></p>
<p>Choose ‘Gifts for a bedroom/kitchen/garden’ section and see what is offered there. What exactly can you get at our store? Almost anything, strating from tea cozies and retro vinyls to chic desk accessories and different gadgets for cars, home and office. <a target=""_blank"" href=""https://www.youtube.com/watch?v=YlagcvqQjLQ"">Remember: a great present may be an everyday thing but shaped in a highly aesthetic way</a>. The very usage of it brings pleasure and light to their owners. What kind of things do they already have?</p>",theme460-gifts-shop,Jewelry,"",true,Title,Default Title,,,,,654654654-56,0,shopify,0,deny,manual,50.00,,true,false,'541265746854231,https://cdn.shopify.com/s/files/1/0101/7672/5051/products/burts_bees_baby_bee_getting_started_gift_set_1.png?v=1537282353,1,,false,,,,,,,,,,,,,,,,,kg,
burts-bees-baby-bee-getting-started-gift-set,,,,,,,,,,,,,,,,,,,,,,,,https://cdn.shopify.com/s/files/1/0101/7672/5051/products/burts_bees_baby_bee_getting_started_gift_set_2.png?v=1537282353,2,,,,,,,,,,,,,,,,,,,,
burts-bees-baby-bee-getting-started-gift-set,,,,,,,,,,,,,,,,,,,,,,,,https://cdn.shopify.com/s/files/1/0101/7672/5051/products/burts_bees_baby_bee_getting_started_gift_set_3.png?v=1537282353,3,,,,,,,,,,,,,,,,,,,,
burts-bees-baby-bee-getting-started-gift-set,,,,,,,,,,,,,,,,,,,,,,,,https://cdn.shopify.com/s/files/1/0101/7672/5051/products/burts_bees_baby_bee_getting_started_gift_set_4.png?v=1537282353,4,,,,,,,,,,,,,,,,,,,,
burts-bees-baby-bee-getting-started-gift-set,,,,,,,,,,,,,,,,,,,,,,,,https://cdn.shopify.com/s/files/1/0101/7672/5051/products/burts_bees_baby_bee_getting_started_gift_set_5.png?v=1537282353,5,,,,,,,,,,,,,,,,,,,,
broadway-basketeers-souring-saphire-sympathy-gift-tower,Broadway Basketeers Souring Saphire Sympathy Gift Tower,"<h2>No matter who you have to choose a gift for - we are here to assist</h2>
<p>The very usage of it brings pleasure and light to their owners. Apart from that, you can get a gift voucher - the recipient will choose a gift themselves. If you have any questions, suggestions or hesitations - please feel free to contact us, we’ll gladly help you!  Choosing a gift may be an incredibly challenging thing to do… unless you have someone like us to help you.</p>
<p><strong></strong>Almost anything, strating from tea cozies and retro vinyls to chic desk accessories and different gadgets for cars, home and office. Remember: <strong>a great present may be an everyday thing</strong> but shaped in a highly aesthetic way.</p>
The very usage of it brings pleasure and light to their owners. <a target=""_blank"" href=""https://www.youtube.com/watch?v=YlagcvqQjLQ"">Apart from that, you can get a gift voucher</a> - the recipient will choose a gift themselves. If you have any questions, suggestions or hesitations - please feel free to contact us, we’ll gladly help you!  Choosing a gift may be an incredibly challenging thing to do… unless you have someone like us to help you. No matter who you have to choose a gift for - we are here to assist.<br>
<ul>
<li>Count on us</li>
<li>Is it something fancy or closer to minimalism?</li>
</ul>
<p>If you know the answer - congrats, you’ve almost chosen the perfect gift - just go through our site classification and you’ll recognize a great gift option as soon as you see it. Nevertheless, you still might be thinking ‘how do I choose a gift if I don’t know the person well?’ Count on us. There are several thousands of gift items at your disposal, all classified. And this classification is the thing which will help you out.</p>",theme460-gifts-shop,Toys,"Dolor, Sit amet",true,Title,Default Title,,,,,'327038,4500,shopify,100,deny,manual,80.00,88.00,true,true,555-6322-1,https://cdn.shopify.com/s/files/1/0101/7672/5051/products/broadway_basketeers_souring_saphire_sympathy_gift_tower_1.png?v=1537282323,1,,false,,,,,,,,,,,,,,,,,kg,
broadway-basketeers-souring-saphire-sympathy-gift-tower,,,,,,,,,,,,,,,,,,,,,,,,https://cdn.shopify.com/s/files/1/0101/7672/5051/products/broadway_basketeers_souring_saphire_sympathy_gift_tower_2.png?v=1537282323,2,,,,,,,,,,,,,,,,,,,,
broadway-basketeers-souring-saphire-sympathy-gift-tower,,,,,,,,,,,,,,,,,,,,,,,,https://cdn.shopify.com/s/files/1/0101/7672/5051/products/broadway_basketeers_souring_saphire_sympathy_gift_tower_3.png?v=1537282323,3,,,,,,,,,,,,,,,,,,,,
broadway-basketeers-souring-saphire-sympathy-gift-tower,,,,,,,,,,,,,,,,,,,,,,,,https://cdn.shopify.com/s/files/1/0101/7672/5051/products/broadway_basketeers_souring_saphire_sympathy_gift_tower_4.png?v=1537282323,4,,,,,,,,,,,,,,,,,,,,
broadway-basketeers-souring-saphire-sympathy-gift-tower,,,,,,,,,,,,,,,,,,,,,,,,https://cdn.shopify.com/s/files/1/0101/7672/5051/products/broadway_basketeers_souring_saphire_sympathy_gift_tower_5.png?v=1537282323,5,,,,,,,,,,,,,,,,,,,,
bath-bombs-gift-set,Bath Bombs Gift Set,"<p>The very usage of it brings pleasure and light to their owners. Apart from that, you can get a gift voucher - the recipient will choose a gift themselves. If you have any questions, suggestions or hesitations - please feel free to contact us, we’ll gladly help you!</p>
<h4>Choosing a gift may be an incredibly challenging thing to do…</h4>
<ol>
<li>First, imagine the person who you are going to greet</li>
<li>Put several questions to yourself: what is their hobby?</li>
<li>What kind of things do they already have?</li>
<li>Is it something fancy or closer to minimalism?</li>
</ol>
<p><strong></strong>Remember: a great present may be an everyday thing but shaped in a highly aesthetic way. <strong>The very usage of it brings pleasure and light to their owners.</strong> Apart from that, you can get a gift voucher - the recipient will choose a gift themselves. If you have any questions, suggestions or hesitations - please feel free to contact us, we’ll gladly help you!  Choosing a gift may be an incredibly challenging thing to do… unless you have someone like us to help you.</p>
<p>If you know what a person does go to the ‘Interest section’: you’ll see the gifts for cooks, cyclists, gardereners, pet lovers, owl owners and for many more.</p>",theme460-gifts-shop,Souvenirs,"",true,Size,L,,,,,327AE-6,700,,99,deny,manual,119.00,,false,true,'327038522,https://cdn.shopify.com/s/files/1/0101/7672/5051/products/bath_bombs_gift_set_1.png?v=1537282292,1,,false,,,,,,,,,,,,,,,,,kg,
bath-bombs-gift-set,,,,,,,,XL,,,,,556-62225,1500,,1,deny,manual,110.00,120.00,true,true,'48245687465,https://cdn.shopify.com/s/files/1/0101/7672/5051/products/bath_bombs_gift_set_2.png?v=1537282292,2,,,,,,,,,,,,,,,,,,https://cdn.shopify.com/s/files/1/0101/7672/5051/products/bath_bombs_gift_set_2.png?v=1537282292,kg,
bath-bombs-gift-set,,,,,,,,XXL,,,,,'64554,300,shopify,50,deny,manual,115.00,,true,true,'2353565467,https://cdn.shopify.com/s/files/1/0101/7672/5051/products/bath_bombs_gift_set_3.png?v=1537282292,3,,,,,,,,,,,,,,,,,,,kg,
bath-bombs-gift-set,,,,,,,,,,,,,,,,,,,,,,,,https://cdn.shopify.com/s/files/1/0101/7672/5051/products/bath_bombs_gift_set_4.png?v=1537282292,4,,,,,,,,,,,,,,,,,,,,
bath-bombs-gift-set,,,,,,,,,,,,,,,,,,,,,,,,https://cdn.shopify.com/s/files/1/0101/7672/5051/products/bath_bombs_gift_set_5.png?v=1537282292,5,,,,,,,,,,,,,,,,,,,,
4ever-romantic-stainless-alloy-metal-silver-nautical-steering-wheel-anchor-and-love-boat-rudder-helm-couple-keychain,4EVER Romantic Stainless Alloy Metal Silver Nautical Steering Wheel Anchor & Love Boat Rudder Helm Couple Keychain,"<h2>First, imagine the person who you are going to greet.</h2>
<p>Put several questions to yourself: what is their hobby? What kind of things do they already have? Is it something fancy or closer to minimalism? Define the type of nature they possess:  a romantic or pragmatic and down-to-earth one. If you know the answer - congrats, you’ve almost chosen the perfect gift - just go through our site classification and you’ll recognize a great gift option as soon as you see it.</p>
<p>Apart from that, <a target=""_blank"" href=""https://www.youtube.com/watch?v=YlagcvqQjLQ"">you can get a gift voucher</a> - the recipient will choose a gift themselves. If you have any questions, suggestions or hesitations - please feel free to contact us, we’ll gladly help you!</p>
<h2>What exactly can you get at our store?</h2>
<p>There are several thousands of gift items at your disposal, all classified. And this classification is the thing which will help you out.</p>
<p>Almost anything, strating from tea cozies and retro vinyls to chic desk accessories and different gadgets for cars, home and office. Remember: a great present may be an everyday thing but shaped in a highly aesthetic way.</p>
<ul>
<li>There are several thousands of gift items at your disposal, all classified.</li>
<li>And this classification is the thing which will help you out.</li>
<li>There are ‘Gifts for him’, ‘Gifts for her’ or ‘Gifts for kids’ - use the ideas suggested there, they might give you a hint what can be a good gift for the person.</li>
</ul>
<h3>If you know the answer - congrats, you’ve almost chosen the perfect gift</h3>
<p>Remember: a great present may be an everyday thing but shaped in a highly aesthetic way.</p>
<blockquote>
<p>Define the type of nature they possess:  a romantic or pragmatic and down-to-earth one. If you know the answer - congrats, you’ve almost chosen the perfect gift - just go through our site classification and you’ll recognize a great gift option as soon as you see it.</p>
</blockquote>
<p><iframe src=""https://www.youtube-nocookie.com/embed/YlagcvqQjLQ?rel=0"" allowfullscreen="""" height=""720"" width=""1280""></iframe></p>
<p>Also you can choose a gift for a house - this gift type is usually one of the most demanded ones. Choose ‘Gifts for a bedroom/kitchen/garden’ section and see what is offered there. What exactly can you get at our store? Almost anything, strating from tea cozies and retro vinyls to chic desk accessories and different gadgets for cars, home and office. Remember: a great present may be an everyday thing but shaped in a highly aesthetic way.</p>",theme460-gifts-shop,Jewelry,"Dolor, Lorem ipsum, Sit amet",true,Title,Default Title,,,,,,0,shopify,98,deny,manual,49.00,,true,true,,https://cdn.shopify.com/s/files/1/0101/7672/5051/products/4ever_romantic_stainless_alloy_metal_silver_nautical_steering_wheel_anchor_and_love_boat_rudder_helm_couple_keychain_1.png?v=1537282264,1,,false,,,,,,,,,,,,,,,,,kg,
4ever-romantic-stainless-alloy-metal-silver-nautical-steering-wheel-anchor-and-love-boat-rudder-helm-couple-keychain,,,,,,,,,,,,,,,,,,,,,,,,https://cdn.shopify.com/s/files/1/0101/7672/5051/products/4ever_romantic_stainless_alloy_metal_silver_nautical_steering_wheel_anchor_and_love_boat_rudder_helm_couple_keychain_2.png?v=1537282264,2,,,,,,,,,,,,,,,,,,,,
4ever-romantic-stainless-alloy-metal-silver-nautical-steering-wheel-anchor-and-love-boat-rudder-helm-couple-keychain,,,,,,,,,,,,,,,,,,,,,,,,https://cdn.shopify.com/s/files/1/0101/7672/5051/products/4ever_romantic_stainless_alloy_metal_silver_nautical_steering_wheel_anchor_and_love_boat_rudder_helm_couple_keychain_3.png?v=1537282264,3,,,,,,,,,,,,,,,,,,,,
4ever-romantic-stainless-alloy-metal-silver-nautical-steering-wheel-anchor-and-love-boat-rudder-helm-couple-keychain,,,,,,,,,,,,,,,,,,,,,,,,https://cdn.shopify.com/s/files/1/0101/7672/5051/products/4ever_romantic_stainless_alloy_metal_silver_nautical_steering_wheel_anchor_and_love_boat_rudder_helm_couple_keychain_4.png?v=1537282264,4,,,,,,,,,,,,,,,,,,,,
4ever-romantic-stainless-alloy-metal-silver-nautical-steering-wheel-anchor-and-love-boat-rudder-helm-couple-keychain,,,,,,,,,,,,,,,,,,,,,,,,https://cdn.shopify.com/s/files/1/0101/7672/5051/products/4ever_romantic_stainless_alloy_metal_silver_nautical_steering_wheel_anchor_and_love_boat_rudder_helm_couple_keychain_5.png?v=1537282264,5,,,,,,,,,,,,,,,,,,,,
1-pair-mens-silver-oval-wedding-cufflinks-groom-best-man-usher-page-boy-cuff-link-gift,1 Pair Mens Silver Oval Wedding Cufflinks Groom Best Man Usher Page Boy Cuff Link Gift,"<p>Choosing a gift may be an incredibly challenging thing to do… unless you have someone like us to help you. No matter who you have to choose a gift for - we are here to assist. First, imagine the person who you are going to greet. Put several questions to yourself: what is their hobby? What kind of things do they already have? Is it something fancy or closer to minimalism? Define the type of nature they possess:  a romantic or pragmatic and down-to-earth one.</p>
<h3>First, imagine the person who you are going to greet.</h3>
<p><iframe src=""https://www.youtube-nocookie.com/embed/YlagcvqQjLQ?rel=0"" allowfullscreen="""" height=""720"" width=""1280""></iframe></p>
<p>Define the type of nature they possess: a romantic or pragmatic and down-to-earth one:</p>
<ul>
<li>Count on us</li>
<li>Define the type of nature they possess</li>
<li>Put several questions to yourself</li>
</ul>
<p>What exactly can you get at our store? Almost anything, strating from tea cozies and retro vinyls to chic desk accessories and different gadgets for cars, home and office. Remember: a great present may be an everyday thing but shaped in a highly aesthetic way. The very usage of it brings pleasure and light to their owners.</p>
<h4>What kind of things do they already have?</h4>
<p>Apart from that, you can get a gift voucher - the recipient will choose a gift themselves. If you have any questions, suggestions or hesitations - please feel free to contact us, we’ll gladly help you!  Choosing a gift may be an incredibly challenging thing to do… unless you have someone like us to help you. No matter who you have to choose a gift for - we are here to assist. First, imagine the person who you are going to greet.</p>",theme460-gifts-shop,Gift Baskets,Lorem ipsum,true,Color,Black,Size,XL,Type,Wood,,1200,shopify,100,continue,manual,70.00,75.00,true,true,,https://cdn.shopify.com/s/files/1/0101/7672/5051/products/1_pair_mens_silver_oval_wedding_cufflinks_groom_best_man_usher_page_boy_cuff_link_gift_1.png?v=1537282236,1,,false,,,,,,,,,,,,,,,,https://cdn.shopify.com/s/files/1/0101/7672/5051/products/1_pair_mens_silver_oval_wedding_cufflinks_groom_best_man_usher_page_boy_cuff_link_gift_1.png?v=1537282236,lb,
1-pair-mens-silver-oval-wedding-cufflinks-groom-best-man-usher-page-boy-cuff-link-gift,,,,,,,,Blue,,XXL,,Metal,,2500,shopify,100,deny,manual,68.00,75.00,true,true,,https://cdn.shopify.com/s/files/1/0101/7672/5051/products/1_pair_mens_silver_oval_wedding_cufflinks_groom_best_man_usher_page_boy_cuff_link_gift_2.png?v=1537282236,2,,,,,,,,,,,,,,,,,,https://cdn.shopify.com/s/files/1/0101/7672/5051/products/1_pair_mens_silver_oval_wedding_cufflinks_groom_best_man_usher_page_boy_cuff_link_gift_2.png?v=1537282236,kg,
1-pair-mens-silver-oval-wedding-cufflinks-groom-best-man-usher-page-boy-cuff-link-gift,,,,,,,,Red,,XL,,Wood,,800,shopify,1,deny,manual,65.00,70.00,true,true,,https://cdn.shopify.com/s/files/1/0101/7672/5051/products/1_pair_mens_silver_oval_wedding_cufflinks_groom_best_man_usher_page_boy_cuff_link_gift_3.png?v=1537282236,3,,,,,,,,,,,,,,,,,,https://cdn.shopify.com/s/files/1/0101/7672/5051/products/1_pair_mens_silver_oval_wedding_cufflinks_groom_best_man_usher_page_boy_cuff_link_gift_3.png?v=1537282236,oz,
1-pair-mens-silver-oval-wedding-cufflinks-groom-best-man-usher-page-boy-cuff-link-gift,,,,,,,,Black,,XXL,,Paper,,100,shopify,13,continue,manual,69.00,75.00,true,true,,https://cdn.shopify.com/s/files/1/0101/7672/5051/products/1_pair_mens_silver_oval_wedding_cufflinks_groom_best_man_usher_page_boy_cuff_link_gift_4.png?v=1537282236,4,,,,,,,,,,,,,,,,,,https://cdn.shopify.com/s/files/1/0101/7672/5051/products/1_pair_mens_silver_oval_wedding_cufflinks_groom_best_man_usher_page_boy_cuff_link_gift_4.png?v=1537282236,g,
1-pair-mens-silver-oval-wedding-cufflinks-groom-best-man-usher-page-boy-cuff-link-gift,,,,,,,,,,,,,,,,,,,,,,,,https://cdn.shopify.com/s/files/1/0101/7672/5051/products/1_pair_mens_silver_oval_wedding_cufflinks_groom_best_man_usher_page_boy_cuff_link_gift_5.png?v=1537282236,5,,,,,,,,,,,,,,,,,,,,
